{"cameraMode":{"drawMode":0,"name":"Shaded","section":"Shading Mode"},"sceneLighting":true,"audioPlay":false,"sceneViewState":{"m_AlwaysRefresh":false,"showFog":true,"showSkybox":true,"showFlares":true,"showImageEffects":true,"showParticleSystems":true,"showVisualEffectGraphs":true,"m_FxEnabled":true},"in2DMode":false,"pivot":{"x":0.6729216575622559,"y":2.8057961463928224,"z":-1.3475139141082764},"rotation":{"x":0.026922618970274926,"y":-0.4217686951160431,"z":0.012530200183391571,"w":0.9062175154685974},"size":2.1048624515533449,"orthographic":false}